t_bin_s,n_runs,mean,std,ci95_low,ci95_high,q10,q25,q50,q75,q90,min,max
0,15.0,-383758.86666666664,1023555.9597488599,-950641.6382673383,183123.90493400506,-1825878.0,-711683.0,-369704.0,-2642.5,912415.2,-2242583.0,1430516.0
1,15.0,-4413.8,1285045.4668894683,-716119.036010661,707291.436010661,-766561.6,-445909.0,-170895.0,131523.0,336468.1999999999,-1972166.0,4142863.0
2,15.0,-353362.2,696031.7615101237,-738850.0771686974,32125.67716869735,-918045.0,-735098.0,-443516.0,167841.0,499371.9999999999,-2031707.0,627059.0
3,15.0,-167707.33333333334,960154.2279109322,-699475.9041653577,364061.23749869096,-705006.7999999999,-479358.5,-373987.0,-89672.5,665127.7999999998,-2003624.0,2522307.0
4,15.0,-232494.93333333332,661653.0906312793,-598942.6436737037,133952.77700703705,-665228.3999999999,-369968.5,-244814.0,-80655.5,124188.99999999991,-1821239.0,1466643.0
5,15.0,-20782.466666666667,372118.51568204653,-226875.32707610118,185310.39374276783,-455816.8,-217171.5,45970.0,125533.0,255569.99999999997,-690605.0,879949.0
6,15.0,-213006.66666666666,653097.1955687832,-574715.8090173178,148702.4756839845,-601259.2,-565893.5,-42449.0,287715.5,337074.0,-2105354.0,511689.0
7,15.0,-211517.13333333333,528513.7034025387,-504227.375660756,81193.10899408939,-723187.8,-494361.5,-108365.0,79535.5,266213.19999999995,-1562291.0,602299.0
8,15.0,-393487.06666666665,293834.6926107231,-556223.4792224274,-230750.65411090592,-760865.4,-449827.0,-362654.0,-252969.5,-99452.00000000009,-1062833.0,123329.0
9,15.0,370135.4666666667,909340.1616069805,-133490.41351095302,873761.3468442864,-340824.19999999995,-151848.0,47107.0,278312.0,1835030.4,-473076.0,2534681.0
10,15.0,171817.4,1084298.490791087,-428706.8095926953,772341.6095926954,-375997.0,-289195.0,-148143.0,25386.0,820262.3999999997,-624223.0,3785273.0
11,15.0,215356.73333333334,821728.3927780748,-239746.5410546104,670460.0077212771,-429216.8,-239426.0,30745.0,455442.0,1229074.3999999997,-946874.0,2280224.0
12,15.0,-279345.93333333335,318938.0044750002,-455985.4792453486,-102706.38742131813,-783547.7999999999,-376577.0,-246772.0,-59757.5,71437.79999999996,-858480.0,203741.0
13,15.0,29472.2,666800.0965784488,-339826.11070958956,398770.5107095896,-469883.6,-356791.0,-93220.0,62195.5,545656.9999999999,-492781.0,2134723.0
14,15.0,-81763.13333333333,341485.63729948894,-270890.38396421575,107364.11729754906,-501804.39999999997,-327378.0,-10114.0,107600.5,352082.1999999999,-708022.0,477858.0
15,15.0,375740.06666666665,2025987.9809082379,-746326.2658167146,1497806.399150048,-660261.0,-390055.0,-99587.0,55181.5,956419.3999999996,-916512.0,7435591.0
16,15.0,-147277.53333333333,458579.53800090536,-401255.67397656,106700.60730989336,-616616.8,-263491.5,-107579.0,7810.5,77534.19999999998,-1112308.0,1033221.0
17,15.0,-156301.86666666667,565392.4385187017,-469436.9029456648,156833.16961233152,-607564.4,-500078.0,-125454.0,50538.0,221106.9999999999,-1069265.0,1418458.0
18,15.0,-229188.06666666668,246841.08644182584,-365897.69929036463,-92478.4340429687,-485481.2,-366862.0,-230806.0,-68519.5,74447.2,-779170.0,102518.0
19,15.0,-46790.6,500835.12889741047,-324171.43421839015,230590.23421839016,-674722.0,-325257.0,-28925.0,195955.0,331980.39999999997,-893823.0,1142666.0
20,15.0,-51118.46666666667,297415.5639146937,-215838.09687672966,113601.16354339631,-357074.8,-182287.5,-83956.0,31484.0,373190.79999999993,-593247.0,531494.0
21,15.0,31543.4,249281.56177211113,-106517.85722817454,169604.65722817453,-316079.2,-145961.5,77289.0,201809.0,325583.6,-368630.0,426935.0
22,15.0,-3738.8,325090.0465328689,-183785.5720822621,176307.97208226213,-316546.2,-159493.5,-10032.0,113521.0,180887.59999999998,-527003.0,914514.0
23,15.0,11448.933333333332,383528.7006771028,-200963.30535031,223861.17201697663,-398867.2,-219088.0,23836.0,110617.5,557083.3999999998,-576416.0,781594.0
24,15.0,-157334.66666666666,226880.15801131245,-282989.20618613565,-31680.127147197636,-452687.0,-273849.5,-78064.0,31352.5,67236.99999999999,-636564.0,112341.0
25,15.0,113020.93333333333,500035.87201069406,-163917.24315359886,389959.10982026556,-341682.6,-186031.5,114656.0,269529.5,399134.6,-488783.0,1614660.0
26,15.0,151380.06666666668,485025.01461625175,-117244.54732002682,420004.6806533602,-288080.6,-144871.5,72665.0,224450.0,699363.9999999998,-405914.0,1465064.0
27,15.0,412350.6,856560.9337851151,-62044.2111133124,886745.4111133124,-368372.39999999997,-97868.5,43973.0,915775.5,1371151.4,-443496.0,2628754.0
28,15.0,308032.4,1271109.901202983,-395954.80943386664,1012019.6094338667,-472084.0,-317670.0,-126168.0,127045.0,1580565.5999999992,-533163.0,4143436.0
29,15.0,442125.6,984695.9244264045,-103235.06104259484,987486.2610425948,-293868.99999999994,-73579.0,72771.0,428857.5,1651345.2,-523520.0,3184287.0
30,15.0,152429.73333333334,568096.1829227094,-162202.7356036894,467062.20227035607,-227748.59999999998,-126648.0,-44691.0,223629.5,554153.0,-411453.0,1955635.0
31,15.0,129503.13333333333,461216.1326033082,-125935.24994886367,384941.51661553036,-154439.8,-135561.5,-75081.0,229718.0,730836.0,-363585.0,1338388.0
32,15.0,-249335.26666666666,383724.4941503263,-461855.942945446,-36814.59038788735,-659726.8,-389462.5,-159913.0,-75258.0,158626.3999999999,-1178260.0,375037.0
33,15.0,99356.66666666667,564210.794543603,-213123.93190888286,411837.26524221624,-397469.19999999995,-261884.5,55086.0,434206.5,581288.0,-1110754.0,1309946.0
34,15.0,202192.53333333333,1500818.7756831683,-629015.8623838399,1033400.9290505066,-506972.0,-258988.0,-129593.0,-37727.0,208091.4,-678919.0,5555482.0
35,15.0,32106.4,393055.4049270917,-185582.07635097974,249794.87635097973,-282943.2,-248962.5,-81107.0,230961.5,360191.0,-413299.0,1142211.0
36,15.0,-107472.0,364802.7512165209,-309513.1221560493,94569.1221560493,-345858.8,-169233.5,-53436.0,50921.0,218666.19999999992,-1179602.0,460733.0
37,15.0,89790.6,356817.09286948206,-107827.77214056783,287408.97214056784,-352259.4,-75997.5,-12985.0,335451.0,617812.0,-412096.0,701284.0
38,15.0,-153918.66666666666,362949.1103772906,-354933.17464838893,47095.841315055615,-552678.8,-303138.0,-80019.0,-27715.5,236589.99999999994,-928160.0,574406.0
39,15.0,75348.4,457805.6002638799,-178201.10558401703,328897.90558401705,-317560.8,-149951.5,-54969.0,195703.5,712335.2,-648475.0,1113435.0
40,15.0,95246.2,810603.4236471353,-353695.659103462,544188.059103462,-497239.4,-330113.0,-137845.0,120845.0,1023882.1999999998,-773876.0,2401302.0
41,15.0,256893.86666666667,615950.5669690972,-84242.1125113745,598029.8458447078,-372385.19999999995,-165853.5,157779.0,671927.0,1041837.2,-568974.0,1577146.0
42,15.0,479194.06666666665,1355274.294995849,-271406.4660241881,1229794.5993575214,-402980.39999999997,-269340.0,-82579.0,603975.5,2553992.1999999993,-667993.0,3739951.0
43,15.0,130181.73333333334,1163025.9591881407,-513944.63114005496,774308.0978067217,-523848.0,-337892.5,-113711.0,90138.5,171060.0,-659496.0,4224689.0
44,15.0,-111885.53333333334,423881.85545585136,-346646.82680575503,122875.76013908834,-443189.2,-344660.5,-208462.0,-39532.0,214681.99999999988,-494161.0,1208181.0
45,15.0,-46269.26666666667,406345.7680636154,-271318.43279591756,178779.89946258423,-491290.2,-345184.0,-75461.0,113005.0,486702.7999999999,-553183.0,856811.0
46,15.0,-129488.46666666666,515117.4084777548,-414779.35031241574,155802.4169790824,-573044.7999999999,-424994.0,-240341.0,23458.5,276169.19999999995,-865878.0,1319709.0
47,15.0,306605.3333333333,1101258.5329162958,-303311.9686397352,916522.6353064019,-428242.39999999997,-244276.5,-80921.0,213917.5,1741838.9999999998,-755336.0,3356601.0
48,15.0,-108335.13333333333,446177.14092400984,-355444.37231810286,138774.10565143623,-454934.0,-395208.5,-241013.0,-4215.5,342840.59999999986,-476227.0,1188870.0
49,15.0,17998.066666666666,883992.3234812509,-471589.2525569194,507585.3858902527,-455502.8,-359586.5,-101689.0,-47115.0,6778.39999999998,-625019.0,3134345.0
50,15.0,-242985.66666666666,261579.39576286715,-387857.91468725004,-98113.41864608324,-569778.8,-504104.5,-253583.0,-34024.0,10363.599999999993,-580115.0,203687.0
51,15.0,233847.86666666667,867137.0390479454,-246404.37882239264,714100.112155726,-343361.19999999995,-218939.0,-46182.0,244939.0,1155478.7999999993,-455117.0,2748941.0
52,15.0,193890.2,622332.8370221425,-150780.5140426224,538560.9140426224,-469291.0,-311925.0,77714.0,674494.5,1039055.0,-661534.0,1254034.0
53,15.0,47844.4,400007.0791957134,-173694.1681208799,269382.9681208799,-298808.8,-100412.5,-31035.0,186558.0,348256.19999999995,-579614.0,1193180.0
54,15.0,-221448.66666666666,190898.81840451,-327175.42272892845,-115721.91060440488,-505249.8,-319076.5,-203053.0,-68021.0,-37157.600000000006,-571284.0,69213.0
55,15.0,43005.13333333333,594098.7566788956,-286028.5131253116,372038.7797919783,-331801.2,-262423.0,-33623.0,78904.0,301493.39999999997,-677554.0,1984787.0
56,15.0,355353.86666666664,862542.2571518177,-122353.62035426113,833061.3536875944,-266836.4,-24198.0,95633.0,226580.0,1415155.1999999995,-285298.0,2782631.0
57,15.0,221974.6,689863.095500715,-160096.8440453433,604046.0440453433,-226601.59999999998,-156430.5,39240.0,291589.0,937284.1999999997,-538419.0,2240948.0
58,15.0,-103942.6,258725.36253050814,-247234.17990606523,39348.979906065215,-425424.39999999997,-289394.0,-27837.0,39786.5,175706.19999999998,-616502.0,322883.0
59,15.0,308029.6666666667,540247.856927549,8820.620429902512,607238.7129034309,-192992.6,-78083.5,88180.0,651517.0,888759.0,-251829.0,1641663.0
60,15.0,-79344.93333333333,326787.4753441156,-260331.8036485738,101641.93698190716,-449097.2,-332015.0,-142687.0,155399.5,290260.39999999997,-516788.0,567074.0
61,15.0,164830.66666666666,445556.448395818,-81934.81006715616,411596.14340048947,-133696.8,-81406.0,-19391.0,237704.5,768389.1999999998,-369780.0,1302274.0
62,15.0,162410.8,567423.7067469574,-151849.22700581735,476670.8270058173,-413942.2,-170648.0,-28397.0,427219.0,1073937.0,-660434.0,1140567.0
63,15.0,32913.2,444034.4065206788,-213009.31420846866,278835.7142084686,-344419.2,-231122.5,-67315.0,85444.5,429385.79999999993,-427255.0,1362372.0
64,15.0,-32290.2,401286.0324766933,-254537.09928124706,189956.69928124704,-405385.4,-300785.0,-61351.0,71605.0,198143.99999999994,-556439.0,1152582.0
65,15.0,-79254.53333333334,336338.56500171,-265531.1468475994,107022.08018093275,-325050.6,-265147.5,-18494.0,61069.0,318111.79999999993,-887416.0,517401.0
66,15.0,-172811.33333333334,285810.3294511106,-331103.5597310969,-14519.106935569784,-460198.6,-303510.0,-166318.0,-54272.5,139096.39999999994,-797571.0,376324.0
67,15.0,338243.3333333333,1326483.0514495661,-396411.5543892176,1072898.2210558841,-298514.6,-133828.0,7085.0,233367.5,469835.19999999995,-504011.0,5032697.0
68,15.0,-13471.133333333333,551706.0290079266,-319026.1348493727,292083.868182706,-434234.39999999997,-308377.0,-85561.0,17909.0,295388.59999999986,-492558.0,1775916.0
69,15.0,351679.0,902882.513800265,-148370.39835283498,851728.398352835,-297844.0,-123623.5,56531.0,240076.5,1620615.1999999997,-614292.0,2732718.0
70,15.0,513708.8,2182086.829117033,-694810.790728281,1722228.390728281,-413150.0,-345024.5,-116385.0,-14452.5,1359502.3999999994,-557149.0,8098154.0
71,15.0,-92420.53333333334,400290.5350577729,-314116.08969035244,129275.02302368575,-542805.7999999999,-377755.5,-94987.0,172767.5,428007.5999999999,-774870.0,604805.0
72,15.0,47332.53333333333,493162.345655764,-225798.83255996113,320463.8992266278,-417155.0,-169857.0,-89121.0,27599.0,893135.9999999999,-560722.0,1064094.0
73,15.0,-56807.86666666667,319930.38430367195,-233997.02886726867,120381.29553393534,-363511.2,-261582.0,-95170.0,89457.5,296971.9999999999,-634764.0,645834.0
74,15.0,79517.66666666667,642377.4650063249,-276254.4963579594,435289.8296912928,-456981.6,-275722.5,-87530.0,80270.5,809083.7999999996,-498099.0,1868249.0
75,15.0,-64063.2,529976.5569031197,-357583.62416355655,229457.22416355653,-591958.4,-368780.5,-143500.0,110691.5,312939.99999999994,-614602.0,1487977.0
76,15.0,-59614.8,372055.2817697161,-265672.63915325445,146443.03915325442,-386871.6,-302850.0,-73917.0,47008.5,135766.59999999998,-433704.0,1093758.0
77,15.0,200068.86666666667,844265.405446641,-267516.2306089001,667653.9639422334,-306716.6,-243851.0,-45393.0,58327.5,1436626.5999999994,-557709.0,2306132.0
78,15.0,-31708.666666666668,269376.6745516839,-180899.33320520984,117481.99987187651,-355746.2,-210754.0,-37863.0,141346.5,334092.3999999999,-471862.0,431844.0
79,15.0,2908.6666666666665,475557.96393434616,-260472.74798311965,266290.081316453,-419462.39999999997,-239724.5,-108318.0,101538.0,486456.6,-613525.0,1330425.0
80,15.0,56567.933333333334,533899.6561387418,-239125.24684495013,352261.11351161683,-441068.6,-141056.0,4921.0,138336.0,412375.9999999999,-661513.0,1670188.0
81,15.0,486361.2,1950463.0991851361,-593876.6873766677,1566599.0873766677,-383839.8,-204211.5,-31347.0,69977.5,935551.5999999996,-476819.0,7369902.0
82,15.0,304555.4666666667,823279.41935685,-151406.82303688134,760517.7563702147,-339146.2,-163159.0,-39478.0,329627.5,1739206.7999999998,-368938.0,2080159.0
83,15.0,-28351.0,233147.45319616326,-157476.59709183613,100774.59709183613,-266100.2,-187874.5,7797.0,97646.5,265595.99999999994,-519947.0,345137.0
84,15.0,129493.26666666666,397650.4923983348,-90740.13739113326,349726.67072446656,-260704.4,-166644.5,-22725.0,443111.5,674556.6,-385944.0,887864.0
85,15.0,-72439.93333333333,366905.20490262617,-275645.47132946417,130765.60466279749,-488480.8,-286166.5,-135372.0,112103.5,225783.8,-588363.0,879471.0
86,15.0,4072.4,316324.61377307604,-171119.75444282222,179264.5544428222,-332732.4,-179680.5,-70077.0,164724.5,367901.6,-505641.0,704389.0
87,15.0,-89412.2,318529.33263139206,-265825.408480072,87001.008480072,-439310.2,-302984.0,-39559.0,96690.5,184285.39999999997,-664214.0,609703.0
88,15.0,199670.2,821647.1469393659,-255388.0774673653,654728.4774673653,-205310.6,-173552.0,-67325.0,112042.5,599454.7999999998,-226813.0,3011867.0
89,15.0,54453.333333333336,391772.44845093193,-162524.59474119756,271431.2614078642,-365205.6,-199375.5,-45810.0,300081.0,452621.6,-552508.0,931452.0
90,15.0,147798.06666666668,621756.02284273,-196553.18656132268,492149.3198946561,-419298.39999999997,-218692.5,-25796.0,179612.0,1217239.2,-571752.0,1417380.0
91,15.0,46789.6,518506.6768543514,-240378.38458265827,333957.58458265825,-369871.4,-307007.0,-55134.0,106704.5,658867.7999999999,-689674.0,1401734.0
92,15.0,-87773.06666666667,464186.3813513562,-344856.4824716092,169310.3491382759,-602733.0,-376225.0,-64936.0,55311.5,196603.19999999998,-671735.0,1237592.0
93,15.0,-21387.333333333332,439065.1438870135,-264557.68792829633,221783.02126162965,-514257.6,-272367.0,-51901.0,244513.5,301043.39999999997,-685388.0,1107747.0
94,15.0,207670.2,1784759.588258646,-780795.015210293,1196135.4152102931,-691931.4,-497068.5,-128083.0,70748.0,145993.19999999998,-736944.0,6558758.0
95,15.0,150521.46666666667,1010206.1651161584,-408967.69981685793,710010.6331501913,-688716.0,-332112.5,-40224.0,230693.5,801351.3999999999,-780929.0,3378892.0
96,15.0,321518.93333333335,868218.2150222099,-159332.10700132436,802369.9736679911,-475009.6,-129999.0,-14397.0,593600.0,1031119.9999999999,-685316.0,2848095.0
97,15.0,293548.6666666667,1729575.9480419992,-664353.8278490955,1251451.161182429,-594277.4,-215270.5,-68259.0,58524.0,218758.59999999998,-710988.0,6460143.0
98,15.0,450804.0,1553746.1532069608,-409717.5155114287,1311325.5155114287,-365027.2,-267290.5,-72477.0,274252.5,1603657.7999999993,-566467.0,5508206.0
99,15.0,-10312.8,507324.70597779594,-291287.79964413564,270662.19964413566,-333151.4,-204610.0,-50737.0,64049.5,314013.1999999999,-884221.0,1503150.0
100,15.0,-232143.8,280666.7685258496,-387587.33400782885,-76700.26599217113,-506233.4,-344545.0,-226503.0,-26331.0,17124.59999999999,-943209.0,194890.0
101,15.0,53958.46666666667,612660.6445481249,-285355.4330025906,393272.36633592396,-722670.0,-222899.0,-38170.0,476162.0,821874.3999999999,-970110.0,1143148.0
102,15.0,61551.26666666667,454856.89158372604,-190365.13607296976,313467.6694063031,-274597.6,-223639.5,-63596.0,81825.0,717407.1999999997,-355145.0,1155489.0
103,15.0,-124917.66666666667,502284.0334575458,-403100.9572871825,153265.62395384914,-555578.7999999999,-329819.0,-184899.0,-40012.5,-4801.000000000009,-740411.0,1496355.0
104,15.0,300625.4,478048.9731664977,35864.37322040752,565386.4267795925,-76546.0,18285.5,109667.0,501148.0,964326.9999999998,-414108.0,1352744.0
105,15.0,-84747.93333333333,322310.57467658794,-263255.3321214756,93759.46545480895,-441858.19999999995,-265298.5,-160247.0,74539.5,196849.19999999998,-549809.0,747676.0
106,15.0,235943.13333333333,496551.5980978738,-39065.32467176803,510951.5913384347,-203823.4,-117997.0,75985.0,355412.0,998159.2,-324544.0,1330458.0
107,15.0,369195.6,1011373.2210477,-190939.92479425902,929331.124794259,-220944.8,-56627.5,112820.0,356149.0,743031.7999999998,-310517.0,3843374.0
108,15.0,428764.13333333336,624103.5043077924,83112.75890872441,774415.5077579423,-222534.59999999998,-48621.0,217711.0,877470.5,1387786.0,-381048.0,1392979.0
109,15.0,549675.8666666667,1385498.0679242015,-217663.6982213701,1317015.4315547035,-513927.2,-222467.0,-66567.0,658967.5,1945002.3999999997,-552636.0,4681758.0
110,15.0,142718.2,805276.1998541866,-303273.2474919418,588709.6474919418,-542015.0,-377890.5,-72710.0,120179.5,1410536.1999999997,-703073.0,2031998.0
111,15.0,419361.2,1318135.9481594346,-310670.75626201025,1149393.1562620103,-469267.79999999993,-212461.0,-48569.0,425257.0,1410950.7999999998,-646909.0,4660193.0
112,15.0,1988816.3333333333,5976712.393513854,-1321305.848483206,5298938.515149873,-494154.8,-252432.5,-87607.0,128760.5,4770213.199999999,-621560.0,22681047.0
113,15.0,843275.7333333333,2615231.277365855,-605135.1139384416,2291686.5806051083,-264491.4,-118167.0,-6952.0,499093.5,1273621.2,-406109.0,10117902.0
114,15.0,1040727.8666666667,2233758.681657471,-196409.4881446371,2277865.2214779705,-304094.0,-134647.5,187622.0,962212.5,4248331.799999999,-766990.0,6647096.0
115,15.0,17294.266666666666,621902.1383297107,-327137.9106685437,361726.44400187704,-414676.6,-305216.0,-98884.0,103370.5,448714.19999999984,-692794.0,1962707.0
116,15.0,226903.86666666667,1786206.8558408055,-762362.8983274053,1216170.6316607387,-568063.3999999999,-334978.0,-154704.0,-68728.5,171231.39999999994,-783414.0,6614265.0
117,15.0,-19793.933333333334,337527.8337789274,-206729.2074456702,167141.34077900357,-282844.2,-227806.5,-86175.0,120926.5,292146.99999999994,-624389.0,847198.0
118,15.0,-35630.066666666666,631356.1416234408,-385298.21721743676,314038.08388410346,-438557.2,-353413.0,-83633.0,242360.5,747265.5999999999,-1470886.0,1162222.0
119,15.0,-148471.26666666666,421565.2469732747,-381949.53753069194,85007.00419735859,-478163.6,-281883.0,-55199.0,35808.5,205416.59999999992,-1322505.0,563356.0
120,15.0,728531.1333333333,3192770.630800843,-1039742.1564999761,2496804.423166643,-527793.0,-269497.5,-60541.0,36380.0,651326.9999999999,-651629.0,12193396.0
121,15.0,-7372.066666666667,664439.5341394845,-375363.0114572841,360618.8781239508,-433805.0,-357707.5,-117351.0,143053.5,474927.3999999999,-1004801.0,1971709.0
122,15.0,-189634.8,277838.1723476044,-343511.75386534585,-35757.84613465416,-545195.6,-370685.5,-79842.0,-40156.5,120442.59999999995,-752458.0,234500.0
123,15.0,855477.6,2376181.300357055,-460538.616350887,2171493.816350887,-245930.99999999997,-126580.5,24061.0,606606.5,1575064.2,-383442.0,9156464.0
124,15.0,58696.13333333333,444973.92303335626,-187746.71952354873,305138.9861902154,-432920.6,-214468.0,-67792.0,280659.5,614598.5999999999,-459409.0,1091915.0
125,15.0,167667.4,865485.5840175007,-311670.2092193804,647005.0092193803,-332051.19999999995,-242765.0,-154957.0,160055.5,1390497.5999999994,-653060.0,2328279.0
126,15.0,84013.26666666666,778045.707201288,-346896.9368540961,514923.4701874294,-467479.0,-307516.0,-81499.0,155940.5,535488.7999999999,-673291.0,2609175.0
127,15.0,338247.73333333334,1162896.7034648226,-305807.0445873298,982302.5112539965,-415748.8,-228092.5,-35852.0,263532.5,1331765.5999999996,-524712.0,4039232.0
128,15.0,38190.53333333333,523729.77824349544,-251870.1960608111,328251.26272747776,-413891.4,-369366.5,-87955.0,193269.0,653815.7999999999,-457997.0,1404556.0
129,15.0,306091.8,1172517.085324328,-343291.097678484,955474.697678484,-417176.0,-289690.0,-3451.0,287936.0,800880.7999999998,-483593.0,4289669.0
130,15.0,-265750.06666666665,256083.87333211934,-407578.6931272717,-123921.44020606161,-559288.7999999999,-410584.0,-241600.0,-154439.5,-33303.40000000002,-709365.0,337809.0
131,15.0,176551.33333333334,737988.6005808206,-232173.77770954886,585276.4443762156,-345564.19999999995,-179325.5,-105771.0,165215.5,921862.3999999999,-466282.0,2411244.0
132,15.0,73495.26666666666,808154.3250985516,-374090.1919782558,521080.72531158914,-447450.0,-309061.0,-181461.0,-95027.0,969441.5999999996,-522134.0,2496087.0
133,15.0,217716.93333333332,478088.1658478705,-47065.799788380944,482499.66645504755,-298449.8,-103104.0,211359.0,303698.5,751174.3999999998,-361365.0,1430074.0
134,15.0,391395.06666666665,1480582.8087482245,-428605.90955102444,1211396.0428843577,-333779.8,-121883.0,-17175.0,173572.0,715126.7999999998,-428991.0,5609233.0
135,15.0,125118.6,370837.09989963437,-80264.56542560103,330501.76542560104,-192811.8,-104907.5,-18765.0,217935.0,669828.9999999999,-253977.0,1005436.0
136,15.0,-105900.06666666667,284170.3282000997,-263284.000317222,51483.866983888656,-392728.2,-348654.5,-117219.0,105883.0,214924.59999999998,-540653.0,463295.0
137,15.0,323453.4666666667,1441212.944028688,-474743.0368036522,1121649.9701369856,-359338.4,-256951.5,-23230.0,153008.0,621722.9999999998,-528643.0,5386980.0
138,15.0,94407.13333333333,547946.9541184577,-209065.95485720554,397880.2215238722,-343548.4,-201349.0,-73182.0,259290.5,879221.9999999998,-624240.0,1362080.0
139,15.0,700859.5333333333,2130802.0963822138,-479256.69443602616,1880975.7611026927,-345527.6,-248506.0,138190.0,373994.5,1787048.7999999993,-691851.0,7925006.0
140,15.0,-85778.93333333333,210520.63075333246,-202372.9675958588,30815.100929192136,-323407.8,-137861.5,-86441.0,-20052.0,67518.79999999996,-470751.0,456058.0
141,15.0,420364.13333333336,826704.9899697219,-37495.36281490687,878223.6294815736,-74718.0,17467.0,66896.0,459705.5,1227564.3999999997,-472394.0,2903800.0
142,15.0,122141.4,580174.8314163339,-199180.66677487447,443463.4667748745,-517028.4,-315030.0,516.0,574172.0,963800.0,-547717.0,1108335.0
143,15.0,423013.8,1080721.6200219584,-175529.40758108237,1021557.0075810824,-252932.2,-184810.5,18888.0,616786.0,1278623.8,-319545.0,3770716.0
144,15.0,467812.0,717814.4074799955,70260.09584519925,865363.9041548008,-172979.39999999997,-27219.5,324215.0,580064.5,1599872.5999999996,-244472.0,2080981.0
145,15.0,-90256.93333333333,230434.54616548977,-217880.0231689756,37366.15650230892,-345602.4,-253965.0,-140269.0,118172.5,201615.0,-424587.0,317778.0
146,15.0,89355.26666666666,520431.54950448393,-198878.78287559887,377589.3162089322,-331015.8,-236852.5,-3720.0,119410.0,538274.3999999999,-387127.0,1669142.0
147,15.0,544115.4,1954202.6430783474,-538193.5837212446,1626424.3837212445,-297572.4,-185923.5,-65442.0,360212.0,946810.9999999998,-569523.0,7432808.0
148,15.0,117237.13333333333,597330.5631247918,-213586.4058789781,448060.6725456448,-395286.0,-277730.0,-33878.0,208658.5,825570.9999999998,-434020.0,1713248.0
149,15.0,47848.0,917200.0938718723,-460130.9984849066,555826.9984849066,-478571.4,-428900.0,-147600.0,-29021.5,407676.9999999999,-646965.0,3181537.0
150,15.0,168207.8,470315.89508712123,-92270.36496545491,428685.9649654549,-299876.2,-104296.0,41066.0,242095.5,946881.7999999999,-327815.0,1148640.0
151,15.0,121013.53333333334,825652.7971473644,-336263.2199001544,578290.286566821,-351635.0,-287452.5,-84515.0,155626.5,227022.79999999996,-415119.0,2993063.0
152,15.0,175834.0,1087224.2803475673,-426310.6189871214,777978.6189871214,-386824.8,-298234.0,-10504.0,43319.5,358215.39999999985,-448822.0,3998475.0
153,15.0,704970.8,2182074.7268595155,-503542.088054901,1913483.688054901,-358139.0,-212014.0,-181178.0,500524.5,1728383.4,-472178.0,8184287.0
154,15.0,-93191.26666666666,389495.6578445785,-308908.2247307248,122525.69139739146,-439085.2,-244281.5,-163197.0,-25631.0,116434.99999999999,-572313.0,1126477.0
155,15.0,356832.4,1233264.537244996,-326194.66103318345,1039859.4610331835,-338319.4,-194180.5,-88582.0,599391.5,766956.0,-429054.0,4559581.0
156,15.0,46609.0,446321.1416009777,-200579.99183276427,293797.99183276424,-293307.0,-239136.5,-61934.0,143932.5,501454.19999999984,-445621.0,1310893.0
157,15.0,80196.46666666666,371451.2638160656,-125526.84522562007,285919.7785589534,-267636.2,-197087.5,-26116.0,316780.5,537620.6,-323223.0,938701.0
158,15.0,171752.0,665980.4349957609,-197092.35211031308,540596.352110313,-296365.4,-183216.0,-84363.0,171867.0,1254732.1999999997,-357948.0,1712166.0
159,15.0,94601.06666666667,733077.0599541814,-311403.8533238948,500605.9866572281,-419952.6,-80804.0,37091.0,149770.5,325840.0,-1171550.0,2373509.0
160,15.0,-142598.0,460082.91583707265,-397408.7663403489,112212.76634034893,-480870.8,-307445.5,-192860.0,-51659.5,86855.2,-880873.0,1269669.0
161,15.0,283167.73333333334,835960.4461871956,-179817.77338913828,746153.240055805,-242617.6,-156422.5,26483.0,349638.0,1213386.8,-674848.0,2679024.0
162,15.0,58646.666666666664,608399.271212777,-278307.1284043428,395600.4617376762,-350100.19999999995,-146653.0,84552.0,204755.5,323714.6,-1168037.0,1801869.0
163,15.0,183121.53333333333,640779.8475263077,-171765.81062849122,538008.8772951579,-316794.6,-178965.0,18821.0,252018.0,670595.9999999999,-479787.0,2167021.0
164,15.0,235883.13333333333,940019.6093051819,-284734.1484151408,756500.4150818075,-309269.0,-166002.5,-66314.0,151534.0,916496.7999999999,-612259.0,3294264.0
165,14.0,12917.785714285714,357408.73480914487,-193408.65933026557,219244.230758837,-412629.6,-211394.5,-23508.5,176908.0,459738.60000000044,-511065.0,753745.0
166,15.0,88494.06666666667,602236.7292911919,-245046.6870250805,422034.8203584138,-360843.6,-237931.0,-116502.0,144763.0,719981.7999999998,-414501.0,1853395.0
167,15.0,-103437.6,361484.5005941868,-303640.95345201483,96765.75345201482,-539160.6,-317073.0,-189386.0,157825.0,399777.79999999993,-659964.0,516332.0
168,15.0,81184.0,763702.5098351919,-341782.4155929361,504150.4155929361,-498692.2,-306205.0,-197323.0,116042.0,719256.5999999997,-503261.0,2465454.0
169,15.0,240342.4,711361.3832047473,-153635.58301104946,634320.3830110495,-324398.8,-247492.5,4986.0,445068.0,1152403.7999999998,-343629.0,2103324.0
170,15.0,-20668.333333333332,461787.3586716644,-276423.08252963214,235086.41586296548,-280049.39999999997,-204913.0,-84397.0,15792.5,354358.9999999999,-784274.0,1334975.0
171,15.0,-227.93333333333334,526975.7303960925,-292086.38989150984,291630.52322484314,-464041.6,-398073.5,-113176.0,307893.0,682478.9999999998,-765823.0,1138594.0
172,15.0,640884.2666666667,1155098.9505227597,1148.16986739391,1280620.3634659396,-272982.8,-108011.5,199679.0,1112770.0,1995720.9999999998,-663983.0,3656407.0
173,15.0,270190.73333333334,613753.4543286518,-69728.40440944303,610109.8710761097,-310746.2,-169992.5,269762.0,367545.5,1108641.5999999999,-699403.0,1629568.0
174,15.0,420414.3333333333,1152711.3134298795,-217999.40261219518,1058828.0692788619,-299892.0,-202497.0,-6042.0,598182.0,1490328.9999999998,-460664.0,3936090.0
175,15.0,983158.0,2294278.4581210464,-287497.42316072993,2253813.42316073,-426013.8,-272627.0,80411.0,1008514.0,4123440.799999999,-552902.0,7090878.0
176,14.0,-271817.14285714284,196097.15831654516,-385020.9502022455,-158613.33551204018,-596119.8,-270489.25,-221597.0,-189796.5,-109023.49999999994,-624875.0,55336.0
177,15.0,309466.2,1656380.5179399967,-607897.9850178552,1226830.3850178553,-521163.6,-327350.5,-26904.0,106285.5,528783.9999999998,-729119.0,6157441.0
178,15.0,151990.2,1266676.647738381,-549541.711326044,853522.1113260442,-590067.2,-321796.0,-141147.0,86445.0,351498.2,-607436.0,4595311.0
179,15.0,126002.93333333333,1167871.2328333284,-520806.92111145006,772812.7877781168,-521183.6,-374637.5,-189696.0,171000.5,367241.39999999997,-982661.0,4132554.0
180,15.0,1146614.8,3103881.0261399746,-572428.1717674511,2865657.7717674514,-339231.2,-251724.0,-118427.0,324400.0,4008182.799999999,-383747.0,11033824.0
181,15.0,869060.0,1398038.7796110255,94774.92975765315,1643345.0702423467,-203144.39999999997,-77513.5,227889.0,1652492.0,2601562.5999999996,-604663.0,4352452.0
182,15.0,36818.4,597815.5772670317,-294273.7578047779,367910.5578047779,-367557.39999999997,-286626.0,-50383.0,187186.0,458535.99999999994,-953867.0,1775332.0
183,15.0,293034.8,833430.9974662571,-168549.8053961785,754619.4053961785,-258312.6,-127996.0,-70631.0,339979.5,1278553.1999999997,-366762.0,2675128.0
184,15.0,390301.8,1152591.218595499,-248045.42302855494,1028649.0230285549,-296811.8,-221947.0,-36499.0,258357.5,2042683.999999999,-354022.0,3361352.0
185,15.0,299074.6,688659.7078398839,-82330.36389251478,680479.5638925147,-494001.8,-191203.0,560769.0,763794.5,998167.5999999999,-1128274.0,1351757.0
186,15.0,-66746.73333333334,423277.617251452,-301173.37756185734,167679.91089519067,-442382.6,-209335.0,-148473.0,87431.5,404607.9999999999,-968637.0,849138.0
187,15.0,41299.8,735880.2176205815,-366257.6113536643,448857.2113536643,-418674.6,-363638.0,-259658.0,152175.5,560422.5999999999,-529459.0,2399503.0
188,15.0,125977.0,788766.4360225492,-310870.7357190676,562824.7357190676,-615688.0,-349745.5,-21290.0,165440.5,1421415.5999999996,-740269.0,1844595.0
189,15.0,163698.66666666666,554508.0690481643,-143408.20723018105,470805.54056351434,-308845.39999999997,-177124.5,54070.0,337061.5,902981.3999999997,-749629.0,1360426.0
190,15.0,-60610.26666666667,293361.88566475536,-223084.82142226573,101864.2880889324,-399367.6,-281744.0,-119750.0,180407.0,248607.0,-506229.0,533798.0
191,15.0,88891.06666666667,961442.5769036907,-443591.03901496483,621373.1723482981,-433004.6,-300189.0,-103221.0,204001.5,368039.99999999994,-1053249.0,3305191.0
192,15.0,58866.4,642062.9599265836,-296731.5785947586,414464.37859475863,-541024.0,-340888.5,-157743.0,356574.5,886630.7999999998,-593078.0,1612710.0
193,15.0,445141.4,935935.6878722874,-73214.05651182891,963496.856511829,-379053.4,-222372.0,89280.0,929381.0,1594388.4,-395070.0,2779862.0
194,15.0,165415.0,1548750.7907638706,-692339.9008677275,1023169.9008677275,-516748.0,-316323.5,-213664.0,-70396.0,101594.99999999997,-713335.0,5705511.0
195,15.0,-103389.86666666667,398115.3441631254,-323880.72265398555,117100.98932065221,-457650.2,-177409.0,-118777.0,65220.5,341990.2,-1119475.0,574402.0
196,15.0,41142.13333333333,353623.3023482689,-154707.40066474403,236991.6673314107,-285466.0,-200791.5,-72379.0,219639.0,370191.2,-337556.0,995214.0
197,15.0,294440.86666666664,637931.7638303451,-58869.10425175924,647750.8375850925,-326605.2,-126852.0,74634.0,566429.5,1321216.5999999999,-568890.0,1472302.0
198,15.0,290875.3333333333,1163014.472980862,-353244.6696578564,934995.336324523,-478422.0,-338183.0,-114492.0,20936.0,1811593.4,-615742.0,3536219.0
199,15.0,54506.26666666667,488953.30250976887,-216293.97700349696,325306.5103368303,-377790.6,-187051.0,-58688.0,136760.0,349099.3999999999,-509230.0,1577329.0
200,15.0,-79725.66666666667,510646.6087695184,-362540.45771998103,203089.12438664766,-453587.2,-415588.5,-102002.0,-14091.0,87794.19999999995,-467234.0,1614118.0
201,15.0,62341.8,360742.3518215498,-137450.52428534796,262134.124285348,-280157.0,-108839.5,69317.0,202298.5,327164.99999999994,-682565.0,943839.0
202,15.0,-74549.73333333334,445848.8488580706,-321477.15215042024,172377.68548375356,-480139.4,-385050.5,-123317.0,74164.0,563527.2,-827127.0,828305.0
203,15.0,235823.53333333333,638097.7105104635,-117578.34493326186,589225.4115999285,-398386.8,-147211.0,36544.0,448211.0,1013318.6,-456631.0,1846292.0
204,15.0,214794.93333333332,813638.0548227701,-235827.61563886024,665417.4823055268,-472067.8,-209835.0,85298.0,273732.5,1073031.4,-691084.0,2540953.0
205,15.0,405396.13333333336,1044952.0729708043,-173336.58926338708,984128.8559300539,-473288.19999999995,-179775.0,-55498.0,467456.0,1961281.3999999997,-549199.0,2992943.0
206,15.0,23814.133333333335,479674.3083146353,-241847.0635686453,289475.330235312,-519011.19999999995,-285074.5,-16251.0,269547.5,469040.39999999997,-636255.0,1216382.0
207,15.0,54395.933333333334,443216.20553315687,-191073.43120694655,299865.29787361325,-672840.0,-84168.5,73885.0,416703.0,524469.0,-738286.0,578223.0
208,15.0,270002.93333333335,1665390.6369802107,-652351.3855461054,1192357.2522127721,-510762.99999999994,-238680.5,-185399.0,8163.0,519910.59999999974,-697506.0,6164956.0
209,15.0,683192.6,1540261.5358609813,-169860.6406386618,1536245.8406386618,-132183.4,-1203.5,74679.0,352493.5,2108939.5999999996,-271101.0,5588070.0
210,15.0,385975.73333333334,1899881.06438341,-666247.9709315093,1438199.437598176,-356721.39999999997,-196142.5,-141978.0,-103415.0,811935.7999999996,-710179.0,7088452.0
211,15.0,392277.3333333333,1475413.8771989984,-424860.89931383677,1209415.5659805033,-454343.0,-369223.0,-172790.0,370255.0,1730614.3999999994,-533635.0,4991279.0
212,15.0,124818.33333333333,745007.5086790991,-287794.10603631556,537430.7727029822,-466821.39999999997,-201866.0,-127139.0,336479.5,836079.3999999999,-788217.0,2283622.0
213,15.0,-94373.06666666667,306671.3123856752,-264218.86931165546,75472.73597832215,-461517.8,-275002.0,-62740.0,13085.0,234184.3999999999,-582415.0,604272.0
214,15.0,-35945.666666666664,531187.212947922,-330136.5964802524,258245.26314691905,-581951.6,-373963.0,-59071.0,238377.5,454107.79999999993,-798959.0,1314027.0
215,15.0,514126.3333333333,2230274.63469725,-721081.4286907997,1749334.0953574663,-510304.8,-146375.5,-17154.0,73445.5,607892.1999999998,-634845.0,8478252.0
216,15.0,100663.86666666667,697274.4430052392,-285512.2530191676,486839.98635250085,-453683.0,-249232.5,-127497.0,189910.5,991636.5999999996,-550520.0,1912106.0
217,15.0,103419.93333333333,408390.34484327555,-122761.59428584382,329601.4609525105,-232476.6,-78192.5,15495.0,170123.0,343307.19999999995,-365640.0,1394264.0
218,15.0,496868.5333333333,1624011.92425086,-402568.739209882,1396305.8058765486,-529124.0,-209756.0,-54644.0,556769.0,1008454.5999999999,-601740.0,6060689.0
219,15.0,377762.4,1330298.525994759,-359005.6372426626,1114530.4372426625,-410396.6,-282323.5,-203607.0,96302.0,2438089.599999999,-478932.0,3655257.0
220,15.0,163125.46666666667,1084155.4449277797,-437319.5188888031,763570.4522221364,-392650.2,-318894.5,-94007.0,120695.0,382557.1999999999,-460482.0,3959225.0
221,15.0,365299.6,1647906.4581521868,-547371.340399943,1277970.540399943,-377098.8,-339390.5,-101852.0,267220.0,1011258.7999999998,-1132578.0,5997944.0
222,15.0,138376.53333333333,799228.6306650278,-304265.5488886936,581018.6155553602,-517555.6,-231617.5,-5686.0,139424.5,932521.9999999998,-961165.0,2412617.0
223,15.0,360948.86666666664,973717.234457642,-178331.3938479848,900229.1271813181,-398599.19999999995,-254022.0,-66559.0,882246.0,1533735.0,-676922.0,2770887.0
224,15.0,86233.13333333333,782846.0627422105,-347335.68286784843,519801.94953451504,-452061.39999999997,-284219.5,-107829.0,99884.0,965670.9999999995,-953022.0,2226960.0
225,15.0,80313.0,596648.5706859368,-250132.82682612812,410758.8268261281,-434372.19999999995,-242824.0,-73161.0,269840.0,369292.8,-780705.0,1849539.0
226,15.0,385591.4,1221501.6083829422,-290920.92028847744,1062103.7202884774,-378815.6,-188513.5,-46988.0,297582.0,1743145.5999999994,-668604.0,3964793.0
227,15.0,214387.53333333333,1394643.5145493462,-558017.114788316,986792.1814549826,-535033.0,-449487.0,-186153.0,30559.5,1165461.1999999995,-758668.0,4797800.0
228,15.0,380393.73333333334,840627.0281127285,-85176.29734276433,845963.764009431,-210797.4,-76329.0,83224.0,620592.0,1637337.9999999998,-684472.0,2268980.0
229,15.0,507807.86666666664,1533682.787621299,-341601.8222929162,1357217.5556262494,-476983.6,-221393.5,-31246.0,176975.0,2229613.4,-618797.0,5084183.0
230,15.0,154079.6,485881.3366640048,-115019.27649397464,423178.4764939747,-210625.0,-77652.5,72285.0,173350.5,649407.1999999997,-497197.0,1525320.0
231,15.0,116536.66666666667,409562.81983627134,-110294.22053791607,343367.55387124943,-456720.8,-103689.0,91670.0,466186.0,561253.0,-585810.0,778649.0
232,15.0,155790.4,640224.6026495926,-198789.429016861,510370.22901686095,-399703.6,-264693.5,26834.0,110174.0,1033540.5999999997,-467905.0,1812765.0
233,15.0,-196909.26666666666,536024.1255430669,-493779.0557959646,99960.52246263128,-659088.2,-386851.5,-175704.0,34387.0,74924.59999999999,-1388990.0,1156816.0
234,15.0,399527.13333333336,1565851.9239996057,-467699.0013383227,1266753.2680049895,-418162.8,-315496.0,-35300.0,219095.5,1328284.9999999998,-708512.0,5658773.0
235,15.0,432282.93333333335,922888.3628454951,-78846.43680508662,943412.3034717534,-309435.6,-24865.0,136180.0,360447.0,1349454.0,-429072.0,3201603.0
236,15.0,244911.0,677582.3832415404,-130358.93589485652,620180.9358948565,-284069.8,-143776.0,-33480.0,262767.0,1383287.9999999998,-381364.0,1766340.0
237,15.0,20703.866666666665,433248.37514539366,-219244.94839779654,260652.68173112988,-346703.8,-217599.0,-37048.0,24458.0,355424.7999999999,-415997.0,1356022.0
238,15.0,222827.86666666667,905497.5319161653,-278669.8244768148,724325.5578101481,-328492.0,-204133.5,-9320.0,351528.0,1187716.3999999994,-1099996.0,2701485.0
239,15.0,186231.33333333334,1269020.8649500306,-516598.8913262582,889061.5579929249,-406916.6,-342067.5,-196452.0,143058.5,580430.3999999998,-703916.0,4589165.0
240,15.0,548715.8,1442031.9623430287,-249934.30580402922,1347365.9058040292,-270482.6,-217028.0,27197.0,730840.0,1362646.4,-315412.0,5324811.0
241,15.0,529885.6666666666,2016253.1321574703,-586789.150102906,1646560.4834362394,-293393.0,-147246.5,98248.0,171313.0,597123.2,-755410.0,7717589.0
242,15.0,124046.73333333334,750483.1688262536,-291598.3271363127,539691.7938029794,-474541.8,-236329.0,63662.0,174077.0,1262202.7999999998,-1268542.0,1641876.0
243,14.0,644901.2142857143,1976329.8273971288,-496002.9321675296,1785805.3607389582,-513319.39999999997,-217056.0,-5983.5,713854.0,1616414.1000000013,-725853.0,7071217.0
244,11.0,10229.363636363636,1208358.6767100464,-801506.4527088711,821965.1799815984,-912487.0,-613488.0,-156645.0,184580.0,819317.0,-1396236.0,3148014.0
245,2.0,-281921.5,477060.19652922207,-4568068.244999999,4004225.244999999,-551787.5,-450587.75,-281921.5,-113255.25,-12055.499999999985,-619254.0,55411.0
