t,offset_ns,servo_state,freq_raw,path_delay_ns,raw,t_rel_s,t_bin_s,scenario,run_id,role
10955.787,830868,0,-200000,443030,ptp4l[10955.787]: master offset     830868 s0 freq -200000 path delay    443030,0.0,0,medium,run05,boundary
10956.787,-447351,0,-200000,859333,ptp4l[10956.787]: master offset    -447351 s0 freq -200000 path delay    859333,1.0,1,medium,run05,boundary
10957.788,310873,0,-200000,859333,ptp4l[10957.788]: master offset     310873 s0 freq -200000 path delay    859333,2.0010000000002037,2,medium,run05,boundary
10958.789,-302997,0,-200000,859333,ptp4l[10958.789]: master offset    -302997 s0 freq -200000 path delay    859333,3.0020000000004075,3,medium,run05,boundary
10959.789,222593,0,-200000,805466,ptp4l[10959.789]: master offset     222593 s0 freq -200000 path delay    805466,4.0020000000004075,4,medium,run05,boundary
10960.791,-135761,0,-200000,808455,ptp4l[10960.791]: master offset    -135761 s0 freq -200000 path delay    808455,5.003999999998996,5,medium,run05,boundary
10961.79,-534984,0,-200000,806237,ptp4l[10961.790]: master offset    -534984 s0 freq -200000 path delay    806237,6.003000000000611,6,medium,run05,boundary
10962.791,-515372,0,-200000,808455,ptp4l[10962.791]: master offset    -515372 s0 freq -200000 path delay    808455,7.003999999998996,7,medium,run05,boundary
10963.791,-384392,0,-200000,808455,ptp4l[10963.791]: master offset    -384392 s0 freq -200000 path delay    808455,8.003999999998996,8,medium,run05,boundary
10964.792,-473076,0,-200000,714333,ptp4l[10964.792]: master offset    -473076 s0 freq -200000 path delay    714333,9.0049999999992,9,medium,run05,boundary
10965.793,-387953,0,-200000,619545,ptp4l[10965.793]: master offset    -387953 s0 freq -200000 path delay    619545,10.005999999999403,10,medium,run05,boundary
10966.798,684974,0,-200000,524351,ptp4l[10966.798]: master offset     684974 s0 freq -200000 path delay    524351,11.011000000000422,11,medium,run05,boundary
10967.798,-230310,0,-200000,524351,ptp4l[10967.798]: master offset    -230310 s0 freq -200000 path delay    524351,12.011000000000422,12,medium,run05,boundary
10968.8,282491,0,-200000,524351,ptp4l[10968.800]: master offset     282491 s0 freq -200000 path delay    524351,13.01299999999901,13,medium,run05,boundary
10969.799,-267742,0,-200000,518789,ptp4l[10969.799]: master offset    -267742 s0 freq -200000 path delay    518789,14.012000000000626,14,medium,run05,boundary
10970.801,144208,0,-200000,496449,ptp4l[10970.801]: master offset     144208 s0 freq -200000 path delay    496449,15.013999999999214,15,medium,run05,boundary
10971.801,-106756,1,-258561,496449,ptp4l[10971.801]: master offset    -106756 s1 freq -258561 path delay    496449,16.013999999999214,16,medium,run05,boundary
10972.801,-317361,2,-290614,496449,ptp4l[10972.801]: master offset    -317361 s2 freq -290614 path delay    496449,17.013999999999214,17,medium,run05,boundary
10973.801,-338153,2,-293032,496449,ptp4l[10973.801]: master offset    -338153 s2 freq -293032 path delay    496449,18.013999999999214,18,medium,run05,boundary
10974.802,-138814,2,-273236,405309,ptp4l[10974.802]: master offset    -138814 s2 freq -273236 path delay    405309,19.014999999999418,19,medium,run05,boundary
10975.802,-103472,2,-269806,364252,ptp4l[10975.802]: master offset    -103472 s2 freq -269806 path delay    364252,20.014999999999418,20,medium,run05,boundary
10976.802,193857,2,-239879,364252,ptp4l[10976.802]: master offset     193857 s2 freq -239879 path delay    364252,21.014999999999418,21,medium,run05,boundary
10977.807,114803,2,-247670,396236,ptp4l[10977.807]: master offset     114803 s2 freq -247670 path delay    396236,22.020000000000437,22,medium,run05,boundary
10978.809,-95816,2,-268827,405309,ptp4l[10978.809]: master offset     -95816 s2 freq -268827 path delay    405309,23.021999999999025,23,medium,run05,boundary
10979.81,47923,2,-254405,440541,ptp4l[10979.810]: master offset      47923 s2 freq -254405 path delay    440541,24.02299999999923,24,medium,run05,boundary
10980.812,327491,2,-226121,493134,ptp4l[10980.812]: master offset     327491 s2 freq -226121 path delay    493134,25.024999999999636,25,medium,run05,boundary
10981.813,416155,2,-216839,493134,ptp4l[10981.813]: master offset     416155 s2 freq -216839 path delay    493134,26.02599999999984,26,medium,run05,boundary
10982.814,972100,2,-160272,493134,ptp4l[10982.814]: master offset     972100 s2 freq -160272 path delay    493134,27.027000000000044,27,medium,run05,boundary
10983.814,-173999,2,-275056,493134,ptp4l[10983.814]: master offset    -173999 s2 freq -275056 path delay    493134,28.027000000000044,28,medium,run05,boundary
10984.815,72771,2,-250306,493134,ptp4l[10984.815]: master offset      72771 s2 freq -250306 path delay    493134,29.028000000000247,29,medium,run05,boundary
10985.815,603739,2,-196606,450149,ptp4l[10985.815]: master offset     603739 s2 freq -196606 path delay    450149,30.028000000000247,30,medium,run05,boundary
10986.817,-97806,2,-266858,493134,ptp4l[10986.817]: master offset     -97806 s2 freq -266858 path delay    493134,31.029999999998836,31,medium,run05,boundary
10987.818,-502,2,-257128,493134,ptp4l[10987.818]: master offset       -502 s2 freq -257128 path delay    493134,32.03099999999904,32,medium,run05,boundary
10988.82,359585,2,-220760,493134,ptp4l[10988.820]: master offset     359585 s2 freq -220760 path delay    493134,33.03299999999945,33,medium,run05,boundary
10989.82,-245672,2,-281531,598958,ptp4l[10989.820]: master offset    -245672 s2 freq -281531 path delay    598958,34.03299999999945,34,medium,run05,boundary
10990.82,-246957,2,-281907,573424,ptp4l[10990.820]: master offset    -246957 s2 freq -281907 path delay    573424,35.03299999999945,35,medium,run05,boundary
10991.82,-114933,2,-268819,489372,ptp4l[10991.820]: master offset    -114933 s2 freq -268819 path delay    489372,36.03299999999945,36,medium,run05,boundary
10992.822,-17085,2,-259051,448534,ptp4l[10992.822]: master offset     -17085 s2 freq -259051 path delay    448534,37.034999999999854,37,medium,run05,boundary
10993.822,-66700,2,-264080,448534,ptp4l[10993.822]: master offset     -66700 s2 freq -264080 path delay    448534,38.034999999999854,38,medium,run05,boundary
10994.824,350405,2,-222019,508405,ptp4l[10994.824]: master offset     350405 s2 freq -222019 path delay    508405,39.03700000000026,39,medium,run05,boundary
10995.824,-201885,2,-277450,529792,ptp4l[10995.824]: master offset    -201885 s2 freq -277450 path delay    529792,40.03700000000026,40,medium,run05,boundary
10996.825,-102147,2,-267578,556523,ptp4l[10996.825]: master offset    -102147 s2 freq -267578 path delay    556523,41.038000000000466,41,medium,run05,boundary
10997.825,-199182,2,-277481,568947,ptp4l[10997.825]: master offset    -199182 s2 freq -277481 path delay    568947,42.038000000000466,42,medium,run05,boundary
10998.828,174218,2,-239966,568947,ptp4l[10998.828]: master offset     174218 s2 freq -239966 path delay    568947,43.04099999999926,43,medium,run05,boundary
10999.828,-354101,2,-293152,686347,ptp4l[10999.828]: master offset    -354101 s2 freq -293152 path delay    686347,44.04099999999926,44,medium,run05,boundary
11000.83,856811,2,-171204,686347,ptp4l[11000.830]: master offset     856811 s2 freq -171204 path delay    686347,45.042999999999665,45,medium,run05,boundary
11001.83,-411648,2,-298462,686347,ptp4l[11001.830]: master offset    -411648 s2 freq -298462 path delay    686347,46.042999999999665,46,medium,run05,boundary
11002.831,-211793,2,-278688,708688,ptp4l[11002.831]: master offset    -211793 s2 freq -278688 path delay    708688,47.04399999999987,47,medium,run05,boundary
11003.832,-241013,2,-281851,708688,ptp4l[11003.832]: master offset    -241013 s2 freq -281851 path delay    708688,48.04500000000007,48,medium,run05,boundary
11004.832,-416987,2,-299866,686347,ptp4l[11004.832]: master offset    -416987 s2 freq -299866 path delay    686347,49.04500000000007,49,medium,run05,boundary
11005.832,-525343,2,-311227,686347,ptp4l[11005.832]: master offset    -525343 s2 freq -311227 path delay    686347,50.04500000000007,50,medium,run05,boundary
11006.834,271236,2,-231297,464845,ptp4l[11006.834]: master offset     271236 s2 freq -231297 path delay    464845,51.04700000000048,51,medium,run05,boundary
11007.836,1254034,2,-131764,464845,ptp4l[11007.836]: master offset    1254034 s2 freq -131764 path delay    464845,52.04899999999907,52,medium,run05,boundary
11008.837,138211,2,-243208,464845,ptp4l[11008.837]: master offset     138211 s2 freq -243208 path delay    464845,53.04999999999927,53,medium,run05,boundary
11009.838,-86605,2,-265776,464845,ptp4l[11009.838]: master offset     -86605 s2 freq -265776 path delay    464845,54.050999999999476,54,medium,run05,boundary
11010.84,108249,2,-246182,422243,ptp4l[11010.840]: master offset     108249 s2 freq -246182 path delay    422243,55.052999999999884,55,medium,run05,boundary
11011.841,-20804,2,-259108,382785,ptp4l[11011.841]: master offset     -20804 s2 freq -259108 path delay    382785,56.05400000000009,56,medium,run05,boundary
11012.841,39240,2,-253065,422243,ptp4l[11012.841]: master offset      39240 s2 freq -253065 path delay    422243,57.05400000000009,57,medium,run05,boundary
11013.842,-13033,2,-258305,382785,ptp4l[11013.842]: master offset     -13033 s2 freq -258305 path delay    382785,58.05500000000029,58,medium,run05,boundary
11014.844,658899,2,-190453,422243,ptp4l[11014.844]: master offset     658899 s2 freq -190453 path delay    422243,59.05699999999888,59,medium,run05,boundary
11015.845,310194,2,-225013,422243,ptp4l[11015.845]: master offset     310194 s2 freq -225013 path delay    422243,60.05799999999908,60,medium,run05,boundary
11016.846,85734,2,-247373,426874,ptp4l[11016.846]: master offset      85734 s2 freq -247373 path delay    426874,61.05899999999929,61,medium,run05,boundary
11017.847,-97327,2,-265777,426874,ptp4l[11017.847]: master offset     -97327 s2 freq -265777 path delay    426874,62.05999999999949,62,medium,run05,boundary
11018.848,-2425,2,-256289,544012,ptp4l[11018.848]: master offset      -2425 s2 freq -256289 path delay    544012,63.060999999999694,63,medium,run05,boundary
11019.848,-202873,2,-276537,544012,ptp4l[11019.848]: master offset    -202873 s2 freq -276537 path delay    544012,64.0609999999997,64,medium,run05,boundary
11020.851,-14344,2,-257698,544012,ptp4l[11020.851]: master offset     -14344 s2 freq -257698 path delay    544012,65.0640000000003,65,medium,run05,boundary
11021.851,-186547,2,-275105,544012,ptp4l[11021.851]: master offset    -186547 s2 freq -275105 path delay    544012,66.0640000000003,66,medium,run05,boundary
11022.852,61064,2,-250283,544012,ptp4l[11022.852]: master offset      61064 s2 freq -250283 path delay    544012,67.06500000000051,67,medium,run05,boundary
11023.853,-85561,2,-265031,544012,ptp4l[11023.853]: master offset     -85561 s2 freq -265031 path delay    544012,68.0659999999989,68,medium,run05,boundary
11024.857,1368158,2,-118291,612688,ptp4l[11024.857]: master offset    1368158 s2 freq -118291 path delay    612688,69.06999999999971,69,medium,run05,boundary
11025.856,-404630,2,-295974,636724,ptp4l[11025.856]: master offset    -404630 s2 freq -295974 path delay    636724,70.0689999999995,70,medium,run05,boundary
11026.858,604805,2,-194426,527812,ptp4l[11026.858]: master offset     604805 s2 freq -194426 path delay    527812,71.07099999999991,71,medium,run05,boundary
11027.858,103024,2,-244501,527812,ptp4l[11027.858]: master offset     103024 s2 freq -244501 path delay    527812,72.07099999999991,72,medium,run05,boundary
11028.86,5762,2,-254222,461088,ptp4l[11028.860]: master offset       5762 s2 freq -254222 path delay    461088,73.07300000000032,73,medium,run05,boundary
11029.861,-87530,2,-263638,461088,ptp4l[11029.861]: master offset     -87530 s2 freq -263638 path delay    461088,74.07400000000052,74,medium,run05,boundary
11030.863,219199,2,-232746,461088,ptp4l[11030.863]: master offset     219199 s2 freq -232746 path delay    461088,75.07599999999911,75,medium,run05,boundary
11031.863,-208707,2,-275746,461088,ptp4l[11031.863]: master offset    -208707 s2 freq -275746 path delay    461088,76.07599999999911,76,medium,run05,boundary
11032.865,14398,2,-253421,461088,ptp4l[11032.865]: master offset      14398 s2 freq -253421 path delay    461088,77.07799999999952,77,medium,run05,boundary
11033.867,-225,2,-254883,490613,ptp4l[11033.867]: master offset       -225 s2 freq -254883 path delay    490613,78.07999999999993,78,medium,run05,boundary
11034.868,540597,2,-200260,510454,ptp4l[11034.868]: master offset     540597 s2 freq -200260 path delay    510454,79.08100000000013,79,medium,run05,boundary
11035.869,-59016,2,-260281,510454,ptp4l[11035.869]: master offset     -59016 s2 freq -260281 path delay    510454,80.08200000000033,80,medium,run05,boundary
11036.869,-227262,2,-277333,510454,ptp4l[11036.869]: master offset    -227262 s2 freq -277333 path delay    510454,81.08200000000033,81,medium,run05,boundary
11037.873,2080159,2,-44510,503592,ptp4l[11037.873]: master offset    2080159 s2 freq  -44510 path delay    503592,82.08599999999933,82,medium,run05,boundary
11038.873,139857,2,-238401,503592,ptp4l[11038.873]: master offset     139857 s2 freq -238401 path delay    503592,83.08599999999933,83,medium,run05,boundary
11039.874,-114360,2,-263937,510454,ptp4l[11039.874]: master offset    -114360 s2 freq -263937 path delay    510454,84.08699999999953,84,medium,run05,boundary
11040.875,-36135,2,-256150,510454,ptp4l[11040.875]: master offset     -36135 s2 freq -256150 path delay    510454,85.08799999999974,85,medium,run05,boundary
11041.877,357593,2,-216420,508650,ptp4l[11041.877]: master offset     357593 s2 freq -216420 path delay    508650,86.09000000000015,86,medium,run05,boundary
11042.879,-30271,2,-255237,529346,ptp4l[11042.879]: master offset     -30271 s2 freq -255237 path delay    529346,87.09200000000055,87,medium,run05,boundary
11043.88,-171131,2,-269494,501788,ptp4l[11043.880]: master offset    -171131 s2 freq -269494 path delay    501788,88.09299999999894,88,medium,run05,boundary
11044.881,465636,2,-205351,470706,ptp4l[11044.881]: master offset     465636 s2 freq -205351 path delay    470706,89.09399999999914,89,medium,run05,boundary
11045.882,1332886,2,-117293,596975,ptp4l[11045.882]: master offset    1332886 s2 freq -117293 path delay    596975,90.09499999999935,90,medium,run05,boundary
11046.882,-250841,2,-275917,650225,ptp4l[11046.882]: master offset    -250841 s2 freq -275917 path delay    650225,91.09499999999935,91,medium,run05,boundary
11047.882,-345489,2,-285727,607922,ptp4l[11047.882]: master offset    -345489 s2 freq -285727 path delay    607922,92.09499999999935,92,medium,run05,boundary
11048.884,279714,2,-222927,590101,ptp4l[11048.884]: master offset     279714 s2 freq -222927 path delay    590101,93.09699999999975,93,medium,run05,boundary
11049.884,-128083,2,-263835,590101,ptp4l[11049.884]: master offset    -128083 s2 freq -263835 path delay    590101,94.09699999999975,94,medium,run05,boundary
11050.887,101092,2,-240816,527472,ptp4l[11050.887]: master offset     101092 s2 freq -240816 path delay    527472,95.10000000000036,95,medium,run05,boundary
11051.887,-107090,2,-261742,543728,ptp4l[11051.887]: master offset    -107090 s2 freq -261742 path delay    543728,96.10000000000036,96,medium,run05,boundary
11052.895,6460143,2,401442,606358,ptp4l[11052.895]: master offset    6460143 s2 freq +401442 path delay    606358,97.10800000000017,97,medium,run05,boundary
11053.888,-272284,2,-272073,606358,ptp4l[11053.888]: master offset    -272284 s2 freq -272073 path delay    606358,98.10100000000057,98,medium,run05,boundary
11054.889,139352,2,-230770,606358,ptp4l[11054.889]: master offset     139352 s2 freq -230770 path delay    606358,99.10199999999895,99,medium,run05,boundary
11055.889,-272062,2,-272184,588551,ptp4l[11055.889]: master offset    -272062 s2 freq -272184 path delay    588551,100.10199999999895,100,medium,run05,boundary
11056.89,-2151,2,-245195,543728,ptp4l[11056.890]: master offset      -2151 s2 freq -245195 path delay    543728,101.10299999999916,101,medium,run05,boundary
11057.891,-105252,2,-255610,543728,ptp4l[11057.891]: master offset    -105252 s2 freq -255610 path delay    543728,102.10399999999936,102,medium,run05,boundary
11058.891,-37315,2,-248854,543728,ptp4l[11058.891]: master offset     -37315 s2 freq -248854 path delay    543728,103.10399999999936,103,medium,run05,boundary
11059.891,-102884,2,-255514,543728,ptp4l[11059.891]: master offset    -102884 s2 freq -255514 path delay    543728,104.10399999999936,104,medium,run05,boundary
11060.892,30441,2,-242151,543728,ptp4l[11060.892]: master offset      30441 s2 freq -242151 path delay    543728,105.10499999999956,105,medium,run05,boundary
11061.894,-144430,2,-259782,543728,ptp4l[11061.894]: master offset    -144430 s2 freq -259782 path delay    543728,106.10699999999997,106,medium,run05,boundary
11062.895,116843,2,-233538,543728,ptp4l[11062.895]: master offset     116843 s2 freq -233538 path delay    543728,107.10800000000017,107,medium,run05,boundary
11063.896,217711,2,-223234,588551,ptp4l[11063.896]: master offset     217711 s2 freq -223234 path delay    588551,108.10900000000038,108,medium,run05,boundary
11064.895,-298860,2,-275190,588551,ptp4l[11064.895]: master offset    -298860 s2 freq -275190 path delay    588551,109.10800000000017,109,medium,run05,boundary
11065.898,1123270,2,-131853,571119,ptp4l[11065.898]: master offset    1123270 s2 freq -131853 path delay    571119,110.11099999999897,110,medium,run05,boundary
11066.901,194277,2,-224558,571119,ptp4l[11066.901]: master offset     194277 s2 freq -224558 path delay    571119,111.11399999999958,111,medium,run05,boundary
11067.922,22681047,2,2046800,573693,ptp4l[11067.922]: master offset   22681047 s2 freq +2046800 path delay    573693,112.13500000000022,112,medium,run05,boundary
11068.911,10117902,2,800603,711685,ptp4l[11068.911]: master offset   10117902 s2 freq +800603 path delay    711685,113.1239999999998,113,medium,run05,boundary
11069.91,6647096,2,460170,711685,ptp4l[11069.910]: master offset    6647096 s2 freq +460170 path delay    711685,114.12299999999959,114,medium,run05,boundary
11070.913,-310277,2,-235878,711685,ptp4l[11070.913]: master offset    -310277 s2 freq -235878 path delay    711685,115.1260000000002,115,medium,run05,boundary
11071.913,-386923,2,-243929,711685,ptp4l[11071.913]: master offset    -386923 s2 freq -243929 path delay    711685,116.1260000000002,116,medium,run05,boundary
11072.915,-86175,2,-213941,711685,ptp4l[11072.915]: master offset     -86175 s2 freq -213941 path delay    711685,117.12800000000061,117,medium,run05,boundary
11073.915,-453398,2,-251117,736162,ptp4l[11073.915]: master offset    -453398 s2 freq -251117 path delay    736162,118.12800000000061,118,medium,run05,boundary
11074.916,-201920,2,-226171,736162,ptp4l[11074.916]: master offset    -201920 s2 freq -226171 path delay    736162,119.128999999999,119,medium,run05,boundary
11075.918,-549271,2,-261455,736162,ptp4l[11075.918]: master offset    -549271 s2 freq -261455 path delay    736162,120.1309999999994,120,medium,run05,boundary
11076.921,545075,2,-151475,736162,ptp4l[11076.921]: master offset     545075 s2 freq -151475 path delay    736162,121.13400000000001,121,medium,run05,boundary
11077.92,-367151,2,-243065,855654,ptp4l[11077.920]: master offset    -367151 s2 freq -243065 path delay    855654,122.13299999999981,122,medium,run05,boundary
11078.922,1464816,2,-58404,855654,ptp4l[11078.922]: master offset    1464816 s2 freq  -58404 path delay    855654,123.13500000000022,123,medium,run05,boundary
11079.922,756961,2,-128432,855654,ptp4l[11079.922]: master offset     756961 s2 freq -128432 path delay    855654,124.13500000000022,124,medium,run05,boundary
11080.922,-653060,2,-270087,998901,ptp4l[11080.922]: master offset    -653060 s2 freq -270087 path delay    998901,125.13500000000022,125,medium,run05,boundary
11081.922,-673291,2,-272784,998901,ptp4l[11081.922]: master offset    -673291 s2 freq -272784 path delay    998901,126.13500000000022,126,medium,run05,boundary
11082.923,-524712,2,-258450,799152,ptp4l[11082.923]: master offset    -524712 s2 freq -258450 path delay    799152,127.13600000000042,127,medium,run05,boundary
11083.924,-392928,2,-245665,634804,ptp4l[11083.924]: master offset    -392928 s2 freq -245665 path delay    634804,128.13700000000063,128,medium,run05,boundary
11084.926,-289433,2,-235605,559829,ptp4l[11084.926]: master offset    -289433 s2 freq -235605 path delay    559829,129.1389999999992,129,medium,run05,boundary
11085.929,-241600,2,-231063,537841,ptp4l[11085.929]: master offset    -241600 s2 freq -231063 path delay    537841,130.14199999999983,130,medium,run05,boundary
11086.93,1080112,2,-97812,537841,ptp4l[11086.930]: master offset    1080112 s2 freq  -97812 path delay    537841,131.14300000000003,131,medium,run05,boundary
11087.931,449670,2,-160406,537841,ptp4l[11087.931]: master offset     449670 s2 freq -160406 path delay    537841,132.14400000000023,132,medium,run05,boundary
11088.933,220286,2,-183125,537841,ptp4l[11088.933]: master offset     220286 s2 freq -183125 path delay    537841,133.14600000000064,133,medium,run05,boundary
11089.933,-101539,2,-215409,537841,ptp4l[11089.933]: master offset    -101539 s2 freq -215409 path delay    537841,134.14600000000064,134,medium,run05,boundary
11090.935,-116927,2,-217064,520019,ptp4l[11090.935]: master offset    -116927 s2 freq -217064 path delay    520019,135.14799999999923,135,medium,run05,boundary
11091.935,-313361,2,-237021,530821,ptp4l[11091.935]: master offset    -313361 s2 freq -237021 path delay    530821,136.14799999999923,136,medium,run05,boundary
11092.941,5386980,2,338400,530821,ptp4l[11092.941]: master offset    5386980 s2 freq +338400 path delay    530821,137.15400000000045,137,medium,run05,boundary
11093.938,75515,2,-192671,530821,ptp4l[11093.938]: master offset      75515 s2 freq -192671 path delay    530821,138.15099999999984,138,medium,run05,boundary
11094.94,487476,2,-150987,596733,ptp4l[11094.940]: master offset     487476 s2 freq -150987 path delay    596733,139.15300000000025,139,medium,run05,boundary
11095.941,-23374,2,-202096,648635,ptp4l[11095.941]: master offset     -23374 s2 freq -202096 path delay    648635,140.15400000000045,140,medium,run05,boundary
11096.941,323277,2,-167107,637125,ptp4l[11096.941]: master offset     323277 s2 freq -167107 path delay    637125,141.15400000000045,141,medium,run05,boundary
11097.944,981546,2,-100299,638266,ptp4l[11097.944]: master offset     981546 s2 freq -100299 path delay    638266,142.15699999999924,142,medium,run05,boundary
11098.943,18888,2,-196546,671223,ptp4l[11098.943]: master offset      18888 s2 freq -196546 path delay    671223,143.15599999999904,143,medium,run05,boundary
11099.944,-244472,2,-223126,671223,ptp4l[11099.944]: master offset    -244472 s2 freq -223126 path delay    671223,144.15699999999924,144,medium,run05,boundary
11100.946,-241794,2,-223100,671223,ptp4l[11100.946]: master offset    -241794 s2 freq -223100 path delay    671223,145.15899999999965,145,medium,run05,boundary
11101.948,123871,2,-186410,671223,ptp4l[11101.948]: master offset     123871 s2 freq -186410 path delay    671223,146.16100000000006,146,medium,run05,boundary
11102.948,-169581,2,-215925,731560,ptp4l[11102.948]: master offset    -169581 s2 freq -215925 path delay    731560,147.16100000000006,147,medium,run05,boundary
11103.949,78740,2,-191014,731560,ptp4l[11103.949]: master offset      78740 s2 freq -191014 path delay    731560,148.16200000000026,148,medium,run05,boundary
11104.948,-448200,2,-244156,754217,ptp4l[11104.948]: master offset    -448200 s2 freq -244156 path delay    754217,149.16100000000006,149,medium,run05,boundary
11105.949,-95738,2,-209006,657333,ptp4l[11105.949]: master offset     -95738 s2 freq -209006 path delay    657333,150.16200000000026,150,medium,run05,boundary
11106.951,162755,2,-182994,657333,ptp4l[11106.951]: master offset     162755 s2 freq -182994 path delay    657333,151.16399999999885,151,medium,run05,boundary
11107.95,-365154,2,-236150,657333,ptp4l[11107.950]: master offset    -365154 s2 freq -236150 path delay    657333,152.16300000000047,152,medium,run05,boundary
11108.951,-181178,2,-217933,689339,ptp4l[11108.951]: master offset    -181178 s2 freq -217933 path delay    689339,153.16399999999885,153,medium,run05,boundary
11109.951,-447078,2,-244970,689339,ptp4l[11109.951]: master offset    -447078 s2 freq -244970 path delay    689339,154.16399999999885,154,medium,run05,boundary
11110.954,-21926,2,-202477,689339,ptp4l[11110.954]: master offset     -21926 s2 freq -202477 path delay    689339,155.16699999999946,155,medium,run05,boundary
11111.954,-279798,2,-228544,689339,ptp4l[11111.954]: master offset    -279798 s2 freq -228544 path delay    689339,156.16699999999946,156,medium,run05,boundary
11112.955,-173029,2,-218040,594792,ptp4l[11112.955]: master offset    -173029 s2 freq -218040 path delay    594792,157.16799999999967,157,medium,run05,boundary
11113.955,-47613,2,-205546,535637,ptp4l[11113.955]: master offset     -47613 s2 freq -205546 path delay    535637,158.16799999999967,158,medium,run05,boundary
11114.956,-88004,2,-209673,535637,ptp4l[11114.956]: master offset     -88004 s2 freq -209673 path delay    535637,159.16899999999987,159,medium,run05,boundary
11115.958,96404,2,-191136,533186,ptp4l[11115.958]: master offset      96404 s2 freq -191136 path delay    533186,160.17100000000028,160,medium,run05,boundary
11116.958,26483,2,-198102,542209,ptp4l[11116.958]: master offset      26483 s2 freq -198102 path delay    542209,161.17100000000028,161,medium,run05,boundary
11117.959,93327,2,-191324,537047,ptp4l[11117.959]: master offset      93327 s2 freq -191324 path delay    537047,162.17200000000048,162,medium,run05,boundary
11118.961,805626,2,-119288,537047,ptp4l[11118.961]: master offset     805626 s2 freq -119288 path delay    537047,163.17399999999907,163,medium,run05,boundary
11119.963,58863,2,-193906,542209,ptp4l[11119.963]: master offset      58863 s2 freq -193906 path delay    542209,164.17599999999948,164,medium,run05,boundary
11120.964,575007,2,-141716,542209,ptp4l[11120.964]: master offset     575007 s2 freq -141716 path delay    542209,165.17699999999968,165,medium,run05,boundary
11121.964,-210468,2,-220474,544989,ptp4l[11121.964]: master offset    -210468 s2 freq -220474 path delay    544989,166.17699999999968,166,medium,run05,boundary
11122.965,120967,2,-187210,542538,ptp4l[11122.965]: master offset     120967 s2 freq -187210 path delay    542538,167.17799999999988,167,medium,run05,boundary
11123.967,75964,2,-191634,556323,ptp4l[11123.967]: master offset      75964 s2 freq -191634 path delay    556323,168.1800000000003,168,medium,run05,boundary
11124.966,-316591,2,-231206,558893,ptp4l[11124.966]: master offset    -316591 s2 freq -231206 path delay    558893,169.1790000000001,169,medium,run05,boundary
11125.969,494643,2,-149588,558893,ptp4l[11125.969]: master offset     494643 s2 freq -149588 path delay    558893,170.18199999999888,170,medium,run05,boundary
11126.969,1138594,2,-84055,624498,ptp4l[11126.969]: master offset    1138594 s2 freq  -84055 path delay    624498,171.18199999999888,171,medium,run05,boundary
11127.971,2333853,2,37805,710085,ptp4l[11127.971]: master offset    2333853 s2 freq  +37805 path delay    710085,172.1839999999993,172,medium,run05,boundary
11128.97,-272519,2,-223105,757234,ptp4l[11128.970]: master offset    -272519 s2 freq -223105 path delay    757234,173.18299999999908,173,medium,run05,boundary
11129.971,-460664,2,-242380,794599,ptp4l[11129.971]: master offset    -460664 s2 freq -242380 path delay    794599,174.1839999999993,174,medium,run05,boundary
11130.978,5518900,2,361096,794599,ptp4l[11130.978]: master offset    5518900 s2 freq +361096 path delay    794599,175.1909999999989,175,medium,run05,boundary
11131.975,-189981,2,-209983,902161,ptp4l[11131.975]: master offset    -189981 s2 freq -209983 path delay    902161,176.1880000000001,176,medium,run05,boundary
11132.975,-111799,2,-202276,794599,ptp4l[11132.975]: master offset    -111799 s2 freq -202276 path delay    794599,177.1880000000001,177,medium,run05,boundary
11133.977,-239698,2,-215306,781008,ptp4l[11133.977]: master offset    -239698 s2 freq -215306 path delay    781008,178.1900000000005,178,medium,run05,boundary
11134.976,-490841,2,-240911,781008,ptp4l[11134.976]: master offset    -490841 s2 freq -240911 path delay    781008,179.1890000000003,179,medium,run05,boundary
11135.978,-174908,2,-209493,781008,ptp4l[11135.978]: master offset    -174908 s2 freq -209493 path delay    781008,180.1909999999989,180,medium,run05,boundary
11136.979,-113778,2,-203493,734999,ptp4l[11136.979]: master offset    -113778 s2 freq -203493 path delay    734999,181.1919999999991,181,medium,run05,boundary
11137.981,-36922,2,-195845,734999,ptp4l[11137.981]: master offset     -36922 s2 freq -195845 path delay    734999,182.1939999999995,182,medium,run05,boundary
11138.981,-91453,2,-201389,608700,ptp4l[11138.981]: master offset     -91453 s2 freq -201389 path delay    608700,183.1939999999995,183,medium,run05,boundary
11139.982,-112819,2,-203639,502334,ptp4l[11139.982]: master offset    -112819 s2 freq -203639 path delay    502334,184.1949999999997,184,medium,run05,boundary
11140.985,777185,2,-113861,471877,ptp4l[11140.985]: master offset     777185 s2 freq -113861 path delay    471877,185.19800000000032,185,medium,run05,boundary
11141.986,515958,2,-139468,471877,ptp4l[11141.986]: master offset     515958 s2 freq -139468 path delay    471877,186.19900000000052,186,medium,run05,boundary
11142.986,124065,2,-178533,485805,ptp4l[11142.986]: master offset     124065 s2 freq -178533 path delay    485805,187.19900000000052,187,medium,run05,boundary
11143.988,186059,2,-172148,485805,ptp4l[11143.988]: master offset     186059 s2 freq -172148 path delay    485805,188.2009999999991,188,medium,run05,boundary
11144.989,452481,2,-145053,493827,ptp4l[11144.989]: master offset     452481 s2 freq -145053 path delay    493827,189.20199999999932,189,medium,run05,boundary
11145.989,157629,2,-174380,493827,ptp4l[11145.989]: master offset     157629 s2 freq -174380 path delay    493827,190.20199999999932,190,medium,run05,boundary
11146.99,14917,2,-188637,573880,ptp4l[11146.990]: master offset      14917 s2 freq -188637 path delay    573880,191.20299999999952,191,medium,run05,boundary
11147.991,645000,2,-124983,573880,ptp4l[11147.991]: master offset     645000 s2 freq -124983 path delay    573880,192.20399999999972,192,medium,run05,boundary
11148.991,-156664,2,-205306,703161,ptp4l[11148.991]: master offset    -156664 s2 freq -205306 path delay    703161,193.20399999999972,193,medium,run05,boundary
11149.992,-112978,2,-201051,703161,ptp4l[11149.992]: master offset    -112978 s2 freq -201051 path delay    703161,194.20499999999993,194,medium,run05,boundary
11150.993,-167627,2,-206683,703161,ptp4l[11150.993]: master offset    -167627 s2 freq -206683 path delay    703161,195.20600000000013,195,medium,run05,boundary
11151.994,-10033,2,-190934,600989,ptp4l[11151.994]: master offset     -10033 s2 freq -190934 path delay    600989,196.20700000000033,196,medium,run05,boundary
11152.994,23605,2,-187547,600989,ptp4l[11152.994]: master offset      23605 s2 freq -187547 path delay    600989,197.20700000000033,197,medium,run05,boundary
11153.994,-3387,2,-190249,549531,ptp4l[11153.994]: master offset      -3387 s2 freq -190249 path delay    549531,198.20700000000033,198,medium,run05,boundary
11154.995,43916,2,-185475,549531,ptp4l[11154.995]: master offset      43916 s2 freq -185475 path delay    549531,199.20800000000054,199,medium,run05,boundary
11155.996,-28768,2,-192772,549531,ptp4l[11155.996]: master offset     -28768 s2 freq -192772 path delay    549531,200.20899999999892,200,medium,run05,boundary
11156.997,-105570,2,-200558,549531,ptp4l[11156.997]: master offset    -105570 s2 freq -200558 path delay    549531,201.20999999999913,201,medium,run05,boundary
11157.998,-88647,2,-198954,549531,ptp4l[11157.998]: master offset     -88647 s2 freq -198954 path delay    549531,202.21099999999933,202,medium,run05,boundary
11158.999,36544,2,-186399,549531,ptp4l[11158.999]: master offset      36544 s2 freq -186399 path delay    549531,203.21199999999953,203,medium,run05,boundary
11160.0,-259310,2,-216243,549531,ptp4l[11160.000]: master offset    -259310 s2 freq -216243 path delay    549531,204.21299999999974,204,medium,run05,boundary
11161.005,2992943,2,111975,549531,ptp4l[11161.005]: master offset    2992943 s2 freq +111975 path delay    549531,205.21799999999894,205,medium,run05,boundary
11162.005,31237,2,-184164,549531,ptp4l[11162.005]: master offset      31237 s2 freq -184164 path delay    549531,206.21799999999894,206,medium,run05,boundary
11163.007,578223,2,-128888,602661,ptp4l[11163.007]: master offset     578223 s2 freq -128888 path delay    602661,207.21999999999935,207,medium,run05,boundary
11164.007,-84636,2,-195258,602661,ptp4l[11164.007]: master offset     -84636 s2 freq -195258 path delay    602661,208.21999999999935,208,medium,run05,boundary
11165.007,74679,2,-179252,602661,ptp4l[11165.007]: master offset      74679 s2 freq -179252 path delay    602661,209.21999999999935,209,medium,run05,boundary
11166.009,-141978,2,-201060,651070,ptp4l[11166.009]: master offset    -141978 s2 freq -201060 path delay    651070,210.22199999999975,210,medium,run05,boundary
11167.015,-352051,2,-222419,651070,ptp4l[11167.015]: master offset    -352051 s2 freq -222419 path delay    651070,211.22799999999916,211,medium,run05,boundary
11168.016,-118910,2,-199224,651070,ptp4l[11168.016]: master offset    -118910 s2 freq -199224 path delay    651070,212.22899999999936,212,medium,run05,boundary
11169.017,-340931,2,-221767,613111,ptp4l[11169.017]: master offset    -340931 s2 freq -221767 path delay    613111,213.22999999999956,213,medium,run05,boundary
11170.019,-59071,2,-193640,613111,ptp4l[11170.019]: master offset     -59071 s2 freq -193640 path delay    613111,214.23199999999997,214,medium,run05,boundary
11171.021,-192306,2,-207156,560461,ptp4l[11171.021]: master offset    -192306 s2 freq -207156 path delay    560461,215.23400000000038,215,medium,run05,boundary
11172.024,-127497,2,-200802,560461,ptp4l[11172.024]: master offset    -127497 s2 freq -200802 path delay    560461,216.23699999999917,216,medium,run05,boundary
11173.025,-223935,2,-210670,560461,ptp4l[11173.025]: master offset    -223935 s2 freq -210670 path delay    560461,217.23799999999937,217,medium,run05,boundary
11174.028,130352,2,-175111,560461,ptp4l[11174.028]: master offset     130352 s2 freq -175111 path delay    560461,218.24099999999999,218,medium,run05,boundary
11175.028,-92734,2,-197512,632495,ptp4l[11175.028]: master offset     -92734 s2 freq -197512 path delay    632495,219.24099999999999,219,medium,run05,boundary
11176.031,220340,2,-165985,632495,ptp4l[11176.031]: master offset     220340 s2 freq -165985 path delay    632495,220.2440000000006,220,medium,run05,boundary
11177.031,-311353,2,-219465,686498,ptp4l[11177.031]: master offset    -311353 s2 freq -219465 path delay    686498,221.2440000000006,221,medium,run05,boundary
11178.033,449018,2,-142979,681022,ptp4l[11178.033]: master offset     449018 s2 freq -142979 path delay    681022,222.24599999999919,222,medium,run05,boundary
11179.035,30288,2,-184822,681022,ptp4l[11179.035]: master offset      30288 s2 freq -184822 path delay    681022,223.2479999999996,223,medium,run05,boundary
11180.037,55403,2,-182255,688151,ptp4l[11180.037]: master offset      55403 s2 freq -182255 path delay    688151,224.25,224,medium,run05,boundary
11181.036,-349240,2,-223068,688151,ptp4l[11181.036]: master offset    -349240 s2 freq -223068 path delay    688151,225.2489999999998,225,medium,run05,boundary
11182.037,52107,2,-182882,649359,ptp4l[11182.037]: master offset      52107 s2 freq -182882 path delay    649359,226.25,226,medium,run05,boundary
11183.04,-198188,2,-208109,650922,ptp4l[11183.040]: master offset    -198188 s2 freq -208109 path delay    650922,227.2530000000006,227,medium,run05,boundary
11184.043,141821,2,-173967,585825,ptp4l[11184.043]: master offset     141821 s2 freq -173967 path delay    585825,228.2559999999994,228,medium,run05,boundary
11185.043,-5517,2,-188706,547020,ptp4l[11185.043]: master offset      -5517 s2 freq -188706 path delay    547020,229.2559999999994,229,medium,run05,boundary
11186.045,-151189,2,-203424,529171,ptp4l[11186.045]: master offset    -151189 s2 freq -203424 path delay    529171,230.2579999999998,230,medium,run05,boundary
11187.046,33443,2,-184928,529171,ptp4l[11187.046]: master offset      33443 s2 freq -184928 path delay    529171,231.25900000000001,231,medium,run05,boundary
11188.048,41925,2,-184038,498058,ptp4l[11188.048]: master offset      41925 s2 freq -184038 path delay    498058,232.26100000000042,232,medium,run05,boundary
11189.049,41666,2,-184022,498058,ptp4l[11189.049]: master offset      41666 s2 freq -184022 path delay    498058,233.26200000000063,233,medium,run05,boundary
11190.049,-244952,2,-212929,529171,ptp4l[11190.049]: master offset    -244952 s2 freq -212929 path delay    529171,234.26200000000063,234,medium,run05,boundary
11191.051,124260,2,-175883,529171,ptp4l[11191.051]: master offset     124260 s2 freq -175883 path delay    529171,235.2639999999992,235,medium,run05,boundary
11192.051,-18873,2,-190215,573012,ptp4l[11192.051]: master offset     -18873 s2 freq -190215 path delay    573012,236.2639999999992,236,medium,run05,boundary
11193.054,1356022,2,-51370,573012,ptp4l[11193.054]: master offset    1356022 s2 freq  -51370 path delay    573012,237.26699999999983,237,medium,run05,boundary
11194.054,-9320,2,-187913,640977,ptp4l[11194.054]: master offset      -9320 s2 freq -187913 path delay    640977,238.26699999999983,238,medium,run05,boundary
11195.058,241878,2,-162552,694339,ptp4l[11195.058]: master offset     241878 s2 freq -162552 path delay    694339,239.27100000000064,239,medium,run05,boundary
11196.058,-315412,2,-218596,793732,ptp4l[11196.058]: master offset    -315412 s2 freq -218596 path delay    793732,240.27100000000064,240,medium,run05,boundary
11197.061,-129337,2,-200118,793732,ptp4l[11197.061]: master offset    -129337 s2 freq -200118 path delay    793732,241.27399999999943,241,medium,run05,boundary
11198.062,-436119,2,-231232,793732,ptp4l[11198.062]: master offset    -436119 s2 freq -231232 path delay    793732,242.27499999999964,242,medium,run05,boundary
11199.064,-190723,2,-206883,694339,ptp4l[11199.064]: master offset    -190723 s2 freq -206883 path delay    694339,243.27700000000004,243,medium,run05,boundary
11200.077,-95799,2,-197487,694339,ptp4l[11200.077]: master offset     -95799 s2 freq -197487 path delay    694339,244.28999999999905,244,medium,run05,boundary
